NEW_FROM,NEW_FROM_DEPTH,NEW_TO,NEW_TO_DEPTH
,,https://kalicube.com/learning-spaces/faq-list/seo-glossary/page/5/,
,,https://kalicube.com/learning-spaces/faq-list/knowledge-panels/page/6/,
,,https://kalicube.com/learning-spaces/knowledge-nuggets/semantic-seo/page/2/,
,,https://kalicube.com/learning-spaces/faq-list/seo-glossary/page/9/,
,,https://kalicube.com/learning-spaces/faq-list/seo-glossary/page/8/,
,,https://kalicube.com/learning-spaces/knowledge-nuggets/technical-seo/page/3/,
,,https://kalicube.com/learning-spaces/knowledge-nuggets/technical-seo/page/2/,
,,https://kalicube.com/learning-spaces/knowledge-nuggets/sales-and-business/page/2/,
,,https://kalicube.com/learning-spaces/faq-list/seo-glossary/page/4/,
,,https://kalicube.com/learning-spaces/knowledge-nuggets/entity-seo/page/2/,
,,https://kalicube.com/learning-spaces/faq-list/knowledge-panels/page/5/,
,,https://kalicube.com/learning-spaces/faq-list/knowledge-panels/page/4/,
,,https://kalicube.com/learning-spaces/knowledge-nuggets/content-marketing/page/3/,
,,https://kalicube.com/learning-spaces/knowledge-nuggets/content-marketing/page/2/,
,,https://kalicube.com/learning-spaces/knowledge-nuggets/seo/page/3/,
,,https://kalicube.com/learning-spaces/knowledge-nuggets/seo/page/2/,
,,https://kalicube.com/learning-spaces/knowledge-nuggets/seo/page/6/,
,,https://kalicube.com/learning-spaces/knowledge-nuggets/brand-seo/page/3/,
,,https://kalicube.com/learning-spaces/knowledge-nuggets/brand-seo/page/8/,
,,https://kalicube.com/learning-spaces/knowledge-nuggets/brand-seo/page/2/,
,,https://kalicube.com/learning-spaces/faq-list/generative-ai/page/2/,
,,https://kalicube.com/learning-spaces/faq-list/generative-ai/page/3/,
,,https://kalicube.com/help-center/category/marketing/personal-branding/assistive-engines/,
,,https://kalicube.com/learning-spaces/faq-list/seo-glossary/page/3/,
,,https://kalicube.com/learning-spaces/faq-list/seo-glossary/page/2/,
,,https://kalicube.com/learning-spaces/faq-list/knowledge-panels/page/3/,
,,https://kalicube.com/learning-spaces/faq-list/knowledge-panels/page/2/,
,,https://kalicube.com/learning-spaces/faq-list/knowledge-panels/page/7/,
,,https://kalicube.com/learning-spaces/faq-list/seo-glossary/page/10/,
,,https://kalicube.com/learning-spaces/faq-list/personal-brands/page/3/,
,,https://kalicube.com/learning-spaces/faq-list/personal-brands/page/4/,
,,https://kalicube.com/learning-spaces/faq-list/personal-brands/page/2/,
,,https://kalicube.com/learning-spaces/faq-list/digital-pr/page/4/,
,,https://kalicube.com/learning-spaces/faq-list/digital-pr/page/2/,
,,https://kalicube.com/learning-spaces/faq-list/digital-pr/page/3/,
,,https://kalicube.com/learning-spaces/faq-list/brand-serps/page/3/,
,,https://kalicube.com/learning-spaces/faq-list/brand-serps/page/2/,
,,https://kalicube.com/learning-spaces/faq-list/the-kalicube-process/page/2/,
,,https://kalicube.com/learning-spaces/faq-list/the-kalicube-process/page/3/,
,,https://kalicube.com/learning-spaces/faq-list/the-kalicube-process/page/4/,
,,https://kalicube.com/faq/marketing/personal-branding/online-reputation-management/can-kalicube-provide-a-bespoke-digital-strategy-that-covers-various-aspects-of-online-presence/,
,,https://kalicube.com/help-center/marketing/personal-branding/personal-knowledge-panel/how-do-i-get-a-knowledge-panel-like-my-competitors-have/,
,,https://kalicube.com/help-center/marketing/personal-branding/assistive-engines/what-do-i-do-if-chatgpt-says-the-wrong-thing-about-me/,
,,https://kalicube.com/help-center/marketing/personal-branding/personal-online-reputation-management/there-are-a-few-negative-articles-how-do-i-push-them-all-down/,
,,https://kalicube.com/help-center/marketing/personal-branding/personal-brand-strategy/how-do-i-get-google-to-show-my-authority-when-people-search-my-name/,
,,https://kalicube.com/help-center/kalicube/kalicube-personal-branding/personal-online-reputation-management-service/is-there-an-option-for-white-labeling-kalicubes-services-for-my-clients/,
,,https://kalicube.com/help-center/kalicube/kalicube-corporate-digital-strategies/corporate-the-kalicube-process-service/how-does-kalicubes-approach-differ-from-koray-tugberk-guburs-holistic-seo-guide/,
,,https://kalicube.com/help-center/kalicube/kalicube-personal-branding/personal-online-reputation-management-service/how-does-kalicube-assist-with-online-reputation-management/,
,,https://kalicube.com/help-center/kalicube/kalicube-corporate-digital-strategies/corporate-brand-serp-service/how-does-kalicube-decide-which-channels-or-tactics-to-prioritise/,
,,https://kalicube.com/help-center/kalicube/kalicube-personal-branding/personal-brand-serp-service/how-does-kalicube-analyzes-my-profile-and-potential-for-online-positioning/,
,,https://kalicube.com/help-center/kalicube/kalicube-corporate-digital-strategies/corporate-the-kalicube-process-service/what-are-the-benefits-of-using-kalicubes-platform-over-manual-processes/,
,,https://kalicube.com/help-center/kalicube/kalicube-personal-branding/personal-the-kalicube-process-service/we-offer-a-wide-range-of-services-can-kalicube-help-us-become-visible-and-trusted-across-all-of-them-or-are-we-too-broad-to-win/,
,,https://kalicube.com/help-center/kalicube/kalicube-corporate-digital-strategies/corporate-online-reputation-management-service/how-does-kalicube-help-corporations-manage-their-digital-ecosystem-for-enhanced-google-understanding/,
,,https://kalicube.com/help-center/marketing/personal-branding/personal-online-reputation-management/whats-the-fastest-way-to-clean-up-my-google-results-before-a-launch-deal-public-event/,
,,https://kalicube.com/help-center/marketing/personal-branding/personal-knowledge-panel/why-is-a-knowledge-panel-essential-for-building-my-personal-brand-in-google-and-ai/,
,,https://kalicube.com/help-center/kalicube/kalicube-personal-branding/personal-brand-serp-service/how-does-kalicube-approach-the-concept-of-educating-google-about-my-brand/,
,,https://kalicube.com/help-center/kalicube/kalicube-corporate-digital-strategies/corporate-the-kalicube-process-service/what-kind-of-businesses-does-kalicube-typically-work-with/,
,,https://kalicube.com/help-center/kalicube/kalicube-personal-branding/personal-the-kalicube-process-service/is-building-a-personal-brand-in-google-and-ai-with-kalicube-just-updating-profiles-and-launching-a-website/,
,,https://kalicube.com/help-center/kalicube/kalicube-corporate-digital-strategies/corporate-the-kalicube-process-service/can-kalicube-pro-refer-to-other-agencies-for-white-labeling-services/,
,,https://kalicube.com/help-center/kalicube/kalicube-corporate-digital-strategies/corporate-the-kalicube-process-service/how-does-kalicube-pros-approach-differ-from-traditional-market-analysis/,
,,https://kalicube.com/help-center/kalicube/kalicube-personal-branding/personal-online-reputation-management-service/how-does-kalicube-prioritize-tasks-for-brand-management-and-orm/,
,,https://kalicube.com/help-center/kalicube/kalicube-personal-branding/personal-knowledge-panel-service/what-solutions-does-kalicube-provide-for-handling-the-issue-of-a-common-name-in-knowledge-panels/,
,,https://kalicube.com/help-center/kalicube/kalicube-semantic-seo/website-owner-optimization-service/can-you-explain-the-website-quality-audit-included-in-the-kalicube-process-roadmap/,
,,https://kalicube.com/help-center/kalicube/kalicube-personal-branding/personal-online-reputation-management-service/can-kalicube-help-suppress-or-remove-outdated-or-negative-content/,
,,https://kalicube.com/help-center/kalicube/kalicube-personal-branding/personal-knowledge-panel-service/what-sets-kalicubes-method-for-obtaining-knowledge-panels-apart-from-standard-seo-practices/,
,,https://kalicube.com/help-center/marketing/personal-branding/personal-brand-strategy/how-do-i-turn-my-google-presence-into-a-client-acquisition-channel/,
,,https://kalicube.com/help-center/marketing/personal-branding/personal-knowledge-panel/how-long-does-it-take-to-get-a-google-knowledge-panel/,
,,https://kalicube.com/help-center/marketing/personal-branding/assistive-engines/how-do-i-show-up-correctly-when-people-ask-chatgpt-about-me-or-my-field/,
,,https://kalicube.com/help-center/marketing/personal-branding/personal-brand-serp/shouldnt-we-just-build-profiles-everywhere-to-increase-visibility/,
,,https://kalicube.com/help-center/kalicube/kalicube-corporate-digital-strategies/corporate-knowledge-panel-service/what-services-does-kalicube-offer/,
,,https://kalicube.com/help-center/kalicube/kalicube-corporate-digital-strategies/corporate-the-kalicube-process-service/what-kind-of-task-lists-does-kalicube-pro-provide/,
,,https://kalicube.com/help-center/marketing/personal-branding/personal-online-reputation-management/theres-a-pile-on-of-bad-coverage-how-do-i-take-back-control-of-my-name/,
,,https://kalicube.com/help-center/marketing/personal-branding/assistive-engines/how-do-i-avoid-being-confused-with-someone-else-in-ai-generated-content/,
,,https://kalicube.com/help-center/marketing/personal-branding/assistive-engines/how-do-i-prepare-my-brand-for-a-world-where-every-software-tool-becomes-a-search-engine/,
,,https://kalicube.com/help-center/kalicube/kalicube-corporate-digital-strategies/corporate-the-kalicube-process-service/what-are-the-benefits-and-services-provided-by-the-kalicube-process-for-businesses-and-agencies/,
,,https://kalicube.com/help-center/kalicube/kalicube-corporate-digital-strategies/corporate-the-kalicube-process-service/what-is-the-process-for-getting-started-with-kalicube-pro/,
,,https://kalicube.com/help-center/kalicube/kalicube-personal-branding/personal-name-change-service/what-challenges-might-arise-when-creating-a-knowledge-panel-for-someone-with-a-common-name/,
,,https://kalicube.com/help-center/kalicube/kalicube-semantic-seo/content-creator-optimization-service/can-kalicube-help-with-e-e-a-t-experience-expertise-authoritativeness-trustworthiness-signals-for-google/,
,,https://kalicube.com/help-center/kalicube/kalicube-corporate-digital-strategies/corporate-the-kalicube-process-service/does-kalicube-provide-ongoing-support-and-consultation-after-the-initial-strategy-is-set/,
,,https://kalicube.com/help-center/marketing/personal-branding/personal-knowledge-panel/does-a-brand-need-to-be-notable-or-worthy-to-get-a-google-knowledge-panel/,
,,https://kalicube.com/help-center/kalicube/kalicube-personal-branding/personal-knowledge-panel-service/is-wikipedia-necessary-for-managing-knowledge-panels-with-kalicube-pro/,
,,https://kalicube.com/help-center/marketing/personal-branding/personal-online-reputation-management/how-do-i-fix-what-shows-up-when-people-search-my-name/,
,,https://kalicube.com/help-center/kalicube/kalicube-corporate-digital-strategies/corporate-the-kalicube-process-service/what-is-the-role-of-an-in-house-team-member-in-working-with-kalicube/,
,,https://kalicube.com/help-center/kalicube/kalicube-personal-branding/personal-knowledge-panel-service/what-is-the-pricing-structure-for-kalicubes-services-related-to-knowledge-panels/,
,,https://kalicube.com/help-center/marketing/personal-branding/assistive-engines/why-doesnt-my-personal-brand-show-up-in-ai-tools-like-chatgpt-even-with-high-quality-content/,
,,https://kalicube.com/help-center/marketing/personal-branding/personal-brand-strategy/how-do-i-keep-my-google-authority-when-i-sell-or-leave-my-business/,
,,https://kalicube.com/help-center/marketing/personal-branding/personal-brand-strategy/i-want-to-be-part-of-the-industry-conversation-not-just-watching-it/,
,,https://kalicube.com/help-center/marketing/personal-branding/assistive-engines/how-do-i-future-proof-my-digital-reputation-across-platforms-i-dont-control/,
,,https://kalicube.com/help-center/marketing/personal-branding/assistive-engines/how-do-i-get-ai-to-recognize-my-brand-in-a-new-market-im-expanding-into/,
,,https://kalicube.com/help-center/kalicube/kalicube-corporate-digital-strategies/corporate-the-kalicube-process-service/what-kind-of-support-does-kalicube-pro-offer-to-agencies/,
,,https://kalicube.com/help-center/kalicube/kalicube-personal-branding/personal-online-reputation-management-service/how-does-kalicube-identify-the-most-effective-platforms-for-content-creation-in-orm/,
,,https://kalicube.com/help-center/kalicube/kalicube-personal-branding/personal-the-kalicube-process-service/who-actually-delivers-kalicubes-personal-branding-services/,
,,https://kalicube.com/help-center/marketing/personal-branding/assistive-engines/how-do-i-build-a-personal-brand-that-ai-can-read-recommend-and-preserve/,
,,https://kalicube.com/help-center/marketing/personal-branding/personal-brand-strategy/how-do-i-go-from-known-in-my-network-to-recognised-in-my-industry/,
,,https://kalicube.com/help-center/marketing/personal-branding/assistive-engines/how-do-i-appear-correctly-in-ai-tools-used-in-google-workspace-microsoft-365-notion-etc/,
,,https://kalicube.com/help-center/kalicube/kalicube-semantic-seo/content-creator-optimization-service/can-kalicube-help-improve-a-brands-authority-and-trustworthiness-in-googles-eyes/,
,,https://kalicube.com/help-center/kalicube/kalicube-corporate-digital-strategies/corporate-the-kalicube-process-service/how-long-does-it-take-to-see-results-with-the-kalicube-process/,
,,https://kalicube.com/help-center/kalicube/kalicube-personal-branding/personal-online-reputation-management-service/how-does-kalicube-helps-brands-maximize-the-effectiveness-of-their-content/,
,,https://kalicube.com/help-center/kalicube/kalicube-semantic-seo/search-and-ai-assistive-service/will-the-kalicube-process-still-work-if-google-or-ai-changes-their-algorithms/,
,,https://kalicube.com/help-center/kalicube/kalicube-personal-branding/personal-knowledge-panel-service/how-does-kalicube-pro-help-with-managing-an-online-ecosystem-for-better-google-understanding/,
,,https://kalicube.com/help-center/marketing/personal-branding/assistive-engines/how-do-i-make-chatgpt-position-me-like-an-expert/,
,,https://kalicube.com/help-center/marketing/personal-branding/assistive-engines/how-do-i-leverage-my-strong-google-rankings-to-boost-growth-on-ai-platforms-like-chatgpt-and-gemini/,
,,https://kalicube.com/help-center/kalicube/kalicube-corporate-digital-strategies/corporate-the-kalicube-process-service/can-the-12-month-plan-be-executed-by-an-in-house-team/,
,,https://kalicube.com/help-center/kalicube/kalicube-personal-branding/personal-knowledge-panel-service/how-much-does-a-knowledge-panel-with-kalicube-cost-and-is-it-worth-it-for-my-business/,
,,https://kalicube.com/help-center/kalicube/kalicube-personal-branding/personal-knowledge-panel-service/how-does-kalicube-make-sure-the-knowledge-panel-they-create-becomes-dominant/,
,,https://kalicube.com/help-center/marketing/personal-branding/personal-online-reputation-management/how-do-i-clean-up-my-google-results-theyre-full-of-outdated-or-irrelevant-junk/,
,,https://kalicube.com/help-center/kalicube/kalicube-personal-branding/personal-the-kalicube-process-service/how-does-kalicube-enhance-the-visibility-of-individuals-or-companies-making-them-more-notable-on-google-2/,
,,https://kalicube.com/help-center/kalicube/kalicube-personal-branding/personal-knowledge-panel-service/how-does-kalicube-manage-knowledge-panels-and-entities/,
,,https://kalicube.com/help-center/kalicube/kalicube-corporate-digital-strategies/corporate-the-kalicube-process-service/will-i-receive-a-detailed-plan-of-action-from-kalicube-for-building-my-online-presence/,
,,https://kalicube.com/help-center/marketing/personal-branding/assistive-engines/how-fast-can-i-expect-results-from-investing-in-personal-branding-in-google-and-ai/,
,,https://kalicube.com/help-center/kalicube/kalicube-corporate-digital-strategies/corporate-the-kalicube-process-service/what-is-kalicube-and-how-can-it-help-me-with-my-online-presence-2/,
,,https://kalicube.com/help-center/marketing/personal-branding/assistive-engines/can-i-control-what-chatgpt-gemini-or-perplexity-say-about-me/,
,,https://kalicube.com/help-center/marketing/personal-branding/assistive-engines/why-does-ai-know-who-my-competitors-are-but-not-me/,
,,https://kalicube.com/help-center/kalicube/kalicube-personal-branding/personal-name-change-service/how-can-i-differentiate-my-profile-if-i-have-a-common-name-with-multiple-online-presences/,
,,https://kalicube.com/help-center/marketing/personal-branding/personal-online-reputation-management/how-do-i-get-rid-of-negative-content-about-me-in-google/,
,,https://kalicube.com/help-center/kalicube/kalicube-personal-branding/personal-brand-serp-service/how-does-kalicubes-platform-help-with-brand-authority-and-brand-building/,
,,https://kalicube.com/help-center/kalicube/kalicube-corporate-digital-strategies/corporate-the-kalicube-process-service/can-kalicube-work-with-a-client-who-doesnt-have-a-dedicated-marketing-team/,
,,https://kalicube.com/help-center/kalicube/kalicube-personal-branding/personal-the-kalicube-process-service/how-does-kalicube-prioritize-which-aspects-of-my-brand-to-focus-on/,
,,https://kalicube.com/help-center/marketing/personal-branding/assistive-engines/why-are-we-visible-in-perplexity-but-missing-from-googles-ai-overviews-and-chatgpt/,
,,https://kalicube.com/help-center/marketing/personal-branding/personal-online-reputation-management/theres-a-full-blown-firestorm-when-you-google-me-how-do-i-take-back-control/,
,,https://kalicube.com/help-center/kalicube/kalicube-corporate-digital-strategies/corporate-the-kalicube-process-service/can-kalicube-help-with-company-branding/,
,,https://kalicube.com/help-center/kalicube/kalicube-personal-branding/personal-brand-serp-service/how-does-kalicube-approach-educating-google-about-my-brand/,
,,https://kalicube.com/help-center/kalicube/kalicube-personal-branding/personal-online-reputation-management-service/what-happens-when-you-let-kalicube-handle-your-online-reputation/,
,,https://kalicube.com/help-center/marketing/personal-branding/personal-brand-strategy/why-arent-i-getting-invited-to-speak-contribute-or-collaborate-more/,
,,https://kalicube.com/help-center/marketing/personal-branding/personal-brand-serp/how-do-i-own-my-search-results-not-let-google-decide-for-me/,
,,https://kalicube.com/help-center/kalicube/kalicube-personal-branding/personal-knowledge-panel-service/what-support-does-kalicube-offer-after-the-initial-knowledge-panel-setup/,
,,https://kalicube.com/help-center/kalicube/kalicube-semantic-seo/search-and-ai-assistive-service/is-kalicube-just-doing-seo-with-a-fancy-new-label/,
,,https://kalicube.com/help-center/kalicube/kalicube-personal-branding/personal-knowledge-panel-service/can-kalicube-pro-handle-the-online-presence-and-knowledge-panels-for-lawyers/,
,,https://kalicube.com/help-center/kalicube/kalicube-personal-branding/personal-online-reputation-management-service/what-strategies-does-kalicube-use-to-manage-negative-search-results/,
,,https://kalicube.com/help-center/kalicube/kalicube-personal-branding/personal-brand-serp-service/how-does-kalicube-enhance-the-visibility-of-individuals-or-companies-making-them-more-notable-on-google/,
,,https://kalicube.com/help-center/kalicube/kalicube-personal-branding/personal-brand-serp-service/how-does-kalicube-help-emphasize-good-content-over-bad-in-search-results/,
,,https://kalicube.com/help-center/kalicube/kalicube-personal-branding/personal-brand-serp-service/how-does-kalicube-ensure-consistent-information-distribution-across-the-web/,
,,https://kalicube.com/help-center/kalicube/kalicube-personal-branding/personal-brand-serp-service/how-does-kalicube-ensure-that-my-professional-achievements-are-prominently-displayed-online/,
,,https://kalicube.com/help-center/marketing/semantic-seo/semantic-seo-and-ai-assistive/how-is-the-rise-of-ai-chat-tools-like-chatgpt-and-gemini-affecting-clicks-to-my-website/,
,,https://kalicube.com/help-center/kalicube/kalicube-personal-branding/personal-brand-serp-service/does-kalicube-offer-a-turnkey-solution-for-managing-my-brands-online-presence/,
,,https://kalicube.com/help-center/marketing/personal-branding/personal-online-reputation-management/someone-with-my-name-has-bad-press-how-do-i-make-sure-its-not-associated-with-me-2/,
,,https://kalicube.com/help-center/kalicube/kalicube-corporate-digital-strategies/corporate-knowledge-panel-service/how-does-kalicubes-entity-equivalent-analysis-feature-assist-corporations-in-optimizing-their-brand-serp-and-knowledge-panels/,
,,https://kalicube.com/help-center/kalicube/kalicube-personal-branding/personal-online-reputation-management-service/what-does-it-mean-to-manage-my-brand-reputation-through-kalicube/,
,,https://kalicube.com/help-center/kalicube/kalicube-personal-branding/personal-brand-serp-service/how-does-kalicubes-approach-to-brand-search-deliver-better-results-than-traditional-seo/,
,,https://kalicube.com/help-center/marketing/personal-branding/assistive-engines/i-have-a-big-social-media-following-do-i-still-need-to-optimize-my-personal-brand-for-google-and-ai/,
,,https://kalicube.com/help-center/marketing/personal-branding/assistive-engines/how-do-i-make-sure-ai-tells-the-version-of-my-story-i-want-remembered/,
,,https://kalicube.com/help-center/kalicube/kalicube-semantic-seo/search-and-ai-assistive-service/how-does-kalicube-optimise-for-llms-and-ai-engines-like-chatgpt/,
,,https://kalicube.com/help-center/kalicube/kalicube-personal-branding/personal-the-kalicube-process-service/how-does-kalicube-help-in-managing-a-brands-digital-marketing-strategy/,
,,https://kalicube.com/help-center/marketing/personal-branding/personal-brand-strategy/why-should-i-invest-in-my-personal-brand-before-my-corporate-brand/,
,,https://kalicube.com/help-center/marketing/personal-branding/personal-brand-strategy/im-building-something-important-i-want-to-be-recognised-for-it/,
,,https://kalicube.com/help-center/marketing/personal-branding/personal-brand-serp/how-do-i-own-my-search-results-not-let-google-decide-for-me-2/,
,,https://kalicube.com/help-center/kalicube/kalicube-personal-branding/personal-online-reputation-management-service/how-does-kalicube-utilize-googles-search-results-within-its-proprietary-algorithm-2/,
,,https://kalicube.com/help-center/kalicube/kalicube-semantic-seo/search-and-ai-assistive-service/how-does-kalicube-actually-build-authority-in-ai-and-search/,
,,https://kalicube.com/help-center/marketing/personal-branding/personal-brand-strategy/i-want-my-ceo-to-be-more-visible-online-but-how-does-that-actually-help-our-company-grow/,
,,https://kalicube.com/help-center/marketing/personal-branding/personal-knowledge-panel/my-knowledge-panel-used-to-show-up-but-now-its-gone-or-wrong-what-happened-and-can-i-get-it-back/,
,,https://kalicube.com/help-center/kalicube/kalicube-personal-branding/personal-knowledge-panel-service/is-it-possible-to-claim-my-google-knowledge-panel-with-kalicube/,
,,https://kalicube.com/help-center/kalicube/kalicube-personal-branding/personal-knowledge-panel-service/what-does-kalicube-prioritize-when-working-on-knowledge-panels/,
,,https://kalicube.com/help-center/marketing/personal-branding/assistive-engines/why-doesnt-chatgpt-mention-me-when-people-ask-about-experts-in-my-field/,
,,https://kalicube.com/help-center/marketing/personal-branding/personal-brand-serp/how-do-i-stop-google-mixing-me-up-with-someone-else/,
,,https://kalicube.com/help-center/kalicube/kalicube-corporate-digital-strategies/corporate-the-kalicube-process-service/how-does-kalicube-pro-help-in-building-a-brand-and-marketing-presence/,
,,https://kalicube.com/help-center/kalicube/kalicube-corporate-digital-strategies/corporate-brand-serp-service/what-is-kalicube-and-how-can-it-help-me-with-my-online-presence/,
,,https://kalicube.com/help-center/kalicube/kalicube-personal-branding/personal-brand-serp-service/can-kalicubes-strategy-be-effective-without-engaging-in-social-media-updates/,
,,https://kalicube.com/help-center/kalicube/kalicube-corporate-digital-strategies/corporate-the-kalicube-process-service/is-the-kalicube-pro-saas-suitable-for-individual-clients-or-only-for-agencies/,
,,https://kalicube.com/help-center/marketing/personal-branding/personal-brand-strategy/why-are-my-leads-still-cold-even-after-theyve-looked-me-up/,
,,https://kalicube.com/help-center/kalicube/kalicube-corporate-digital-strategies/corporate-the-kalicube-process-service/what-kind-of-support-does-kalicube-pro-offer-to-its-clients/,
,,https://kalicube.com/help-center/kalicube/kalicube-corporate-digital-strategies/corporate-the-kalicube-process-service/what-level-of-participation-is-expected-from-the-team-at-a-company-throughout-the-kalicubes-process/,
,,https://kalicube.com/help-center/marketing/personal-branding/personal-brand-strategy/how-do-i-reposition-my-search-presence-to-support-my-new-direction/,
,,https://kalicube.com/help-center/kalicube/kalicube-corporate-digital-strategies/corporate-the-kalicube-process-service/how-does-kalicube-help-with-understanding-and-targeting-customer-needs/,
,,https://kalicube.com/help-center/marketing/personal-branding/personal-brand-strategy/i-want-to-be-seen-as-the-safe-obvious-choice-not-a-maybe/,
,,https://kalicube.com/help-center/kalicube/kalicube-corporate-digital-strategies/corporate-knowledge-panel-service/what-is-the-significance-of-having-a-knowledge-panel-for-a-company/,
,,https://kalicube.com/help-center/marketing/personal-branding/personal-brand-strategy/why-do-my-competitors-look-more-established-than-me-online/,
,,https://kalicube.com/help-center/kalicube/kalicube-personal-branding/personal-brand-serp-service/can-kalicube-help-with-personal-branding/,
,,https://kalicube.com/help-center/kalicube/kalicube-corporate-digital-strategies/corporate-the-kalicube-process-service/does-kalicube-pro-include-training-for-agency-team-members/,
,,https://kalicube.com/help-center/kalicube/kalicube-corporate-digital-strategies/corporate-the-kalicube-process-service/how-does-kalicube-ensure-that-the-strategies-are-effective-and-not-a-waste-of-resources/,
,,https://kalicube.com/help-center/marketing/personal-branding/personal-brand-strategy/how-do-i-turn-third-party-mentions-into-proof-of-credibility/,
,,https://kalicube.com/help-center/kalicube/kalicube-corporate-digital-strategies/corporate-the-kalicube-process-service/what-is-the-difference-between-kalicubes-approach-and-other-platforms-like-inlinks-and-wordlift/,
,,https://kalicube.com/help-center/kalicube/kalicube-personal-branding/personal-brand-serp-service/how-does-kalicube-help-with-managing-an-ecosystem-for-better-google-understanding/,
,,https://kalicube.com/help-center/marketing/personal-branding/personal-brand-serp/how-do-i-stop-google-mixing-me-up-with-someone-else-2/,
,,https://kalicube.com/help-center/marketing/personal-branding/personal-online-reputation-management/someone-with-my-name-has-bad-press-how-do-i-make-sure-its-not-associated-with-me/,
,,https://kalicube.com/help-center/kalicube/kalicube-personal-branding/personal-online-reputation-management-service/how-does-kalicube-approach-online-reputation-management-orm/,
,,https://kalicube.com/help-center/marketing/personal-branding/personal-brand-strategy/how-do-i-make-sure-google-tells-the-right-story-about-me-long-term/,
,,https://kalicube.com/help-center/marketing/personal-branding/personal-brand-strategy/how-do-i-separate-my-personal-brand-from-my-companys-brand/,
,,https://kalicube.com/help-center/marketing/personal-branding/personal-brand-strategy/i-have-a-strong-network-why-isnt-it-visible-online/,
,,https://kalicube.com/help-center/marketing/personal-branding/assistive-engines/how-do-i-make-sure-chatgpt-reflects-my-evolution-not-my-old-bio/,
,,https://kalicube.com/help-center/kalicube/kalicube-corporate-digital-strategies/corporate-brand-serp-service/how-does-kalicube-provide-data-and-facilitate-the-processing-that-enables-google-to-comprehend-information/,
,,https://kalicube.com/help-center/kalicube/kalicube-personal-branding/personal-online-reputation-management-service/does-kalicube-provide-competitive-analysis-for-different-niches-or-industries/,
,,https://kalicube.com/help-center/kalicube/kalicube-corporate-digital-strategies/corporate-the-kalicube-process-service/what-is-included-in-the-kalicube-pro-agency-platform/,
,,https://kalicube.com/help-center/kalicube/kalicube-personal-branding/personal-the-kalicube-process-service/what-does-omnipresence-mean-in-the-kalicube-process/,
,,https://kalicube.com/help-center/kalicube/kalicube-personal-branding/personal-brand-serp-service/can-kalicube-assist-in-changing-the-focus-of-googles-attention-on-different-aspects-of-a-clients-online-presence/,
,,https://kalicube.com/help-center/kalicube/kalicube-corporate-digital-strategies/corporate-brand-serp-service/how-does-kalicube-help-corporations-in-enhancing-their-geo-localized-marketing-strategies/,
,,https://kalicube.com/help-center/kalicube/kalicube-personal-branding/personal-knowledge-panel-service/what-is-the-entity-equivalent-analysis-feature-in-kalicube-pro/,
,,https://kalicube.com/help-center/marketing/personal-branding/personal-brand-strategy/im-not-focusing-on-my-personal-brand-should-i-be/,
,,https://kalicube.com/help-center/marketing/personal-branding/personal-brand-strategy/why-do-i-keep-getting-overlooked-by-media-and-pr-teams/,
,,https://kalicube.com/help-center/marketing/personal-branding/personal-online-reputation-management/how-do-i-clean-up-old-or-irrelevant-search-results-that-are-hurting-my-image/,
,,https://kalicube.com/help-center/marketing/personal-branding/personal-knowledge-panel/how-do-i-get-a-knowledge-panel-like-my-peers-have/,
,,https://kalicube.com/help-center/kalicube/kalicube-corporate-digital-strategies/corporate-the-kalicube-process-service/how-does-kalicube-specialize-in-educating-google-and-adding-information-to-its-knowledge-graph/,
,,https://kalicube.com/help-center/marketing/personal-branding/assistive-engines/how-do-i-stop-ai-from-confusing-me-with-someone-else/,
,,https://kalicube.com/help-center/marketing/personal-branding/assistive-engines/how-do-i-stay-visible-and-relevant-as-ai-tools-reshape-how-people-find-expertise/,
,,https://kalicube.com/help-center/kalicube/kalicube-personal-branding/personal-knowledge-panel-service/can-kalicube-help-in-managing-knowledge-panels-for-entities-with-multiple-locations/,
,,https://kalicube.com/help-center/kalicube/kalicube-corporate-digital-strategies/corporate-the-kalicube-process-service/what-is-kalicube-pro-and-how-does-it-work/,
,,https://kalicube.com/help-center/kalicube/kalicube-personal-branding/personal-name-change-service/what-strategies-does-kalicube-suggest-for-rebranding-my-name-online/,
,,https://kalicube.com/help-center/marketing/personal-branding/assistive-engines/how-do-i-influence-what-people-see-when-ai-introduces-me/,
,,https://kalicube.com/help-center/kalicube/kalicube-semantic-seo/content-creator-optimization-service/can-kalicube-help-with-building-googles-trust-in-an-entity/,
,,https://kalicube.com/help-center/kalicube/kalicube-corporate-digital-strategies/corporate-the-kalicube-process-service/how-does-kalicube-pro-use-googles-search-results-in-its-algorithm/,
,,https://kalicube.com/help-center/kalicube/kalicube-personal-branding/personal-knowledge-panel-service/how-does-kalicube-track-the-performance-of-knowledge-panels-across-different-locations/,
,,https://kalicube.com/help-center/kalicube/kalicube-personal-branding/personal-knowledge-panel-service/how-does-kalicube-determine-which-competitors-to-analyze-for-improving-my-knowledge-panel/,
,,https://kalicube.com/help-center/kalicube/kalicube-personal-branding/personal-the-kalicube-process-service/when-will-i-start-seeing-visible-results-from-the-kalicube-process-in-google-and-ai/,
,,https://kalicube.com/help-center/kalicube/kalicube-corporate-digital-strategies/corporate-the-kalicube-process-service/what-are-the-six-services-offered-by-kalicube-pro/,
,,https://kalicube.com/help-center/marketing/personal-branding/assistive-engines/whats-the-difference-between-doing-personal-brand-strategy-for-google-and-ai-myself-vs-using-kalicube/,
,,https://kalicube.com/help-center/kalicube/kalicube-corporate-digital-strategies/corporate-the-kalicube-process-service/what-is-kalicubes-process-for-getting-a-knowledge-panel-for-a-company/,
,,https://kalicube.com/help-center/marketing/corporate-digital-strategies/corporate-knowledge-panel/what-is-the-difference-between-a-google-business-profile-and-a-knowledge-panel/,
,,https://kalicube.com/help-center/kalicube/kalicube-personal-branding/personal-brand-serp-service/how-does-kalicube-ensure-that-a-brands-message-is-understood-by-search-engines/,
,,https://kalicube.com/help-center/marketing/personal-branding/assistive-engines/how-do-i-make-sure-my-personal-brand-lasts-in-a-world-run-by-machines/,
,,https://kalicube.com/help-center/kalicube/kalicube-corporate-digital-strategies/corporate-brand-serp-service/can-kalicube-track-and-analyze-a-competitors-digital-presence-within-designated-geographic-locations-for-corporate-strategic-planning/,
,,https://kalicube.com/help-center/kalicube/kalicube-corporate-digital-strategies/corporate-the-kalicube-process-service/can-you-provide-more-details-on-the-entity-groups-within-kalicube/,
,,https://kalicube.com/help-center/kalicube/kalicube-personal-branding/personal-online-reputation-management-service/can-kalicube-provide-insights-into-where-i-should-focus-my-pr-efforts-for-maximum-impact/,
,,https://kalicube.com/help-center/marketing/personal-branding/personal-knowledge-panel/why-do-some-thought-leaders-get-knowledge-panels-organically-while-others-dont/,
,,https://kalicube.com/help-center/marketing/personal-branding/assistive-engines/how-do-i-make-sure-i-show-up-when-ai-assistants-inside-business-tools-suggest-experts/,
,,https://kalicube.com/help-center/kalicube/kalicube-personal-branding/personal-online-reputation-management-service/what-is-the-process-for-updating-and-correcting-brand-information-with-kalicube-pro/,
,,https://kalicube.com/help-center/marketing/personal-branding/assistive-engines/how-do-i-influence-what-ai-platforms-like-chatgpt-say-about-my-brand/,
,,https://kalicube.com/help-center/marketing/personal-branding/personal-brand-strategy/how-do-i-reduce-the-time-it-takes-to-build-trust-in-new-conversations/,
,,https://kalicube.com/help-center/marketing/personal-branding/assistive-engines/why-do-i-need-to-invest-in-google-and-ai-if-im-already-getting-traffic-from-social-media/,
,,https://kalicube.com/help-center/kalicube/kalicube-personal-branding/personal-knowledge-panel-service/can-kalicube-pro-track-and-analyze-competitors-in-specific-locations/,
,,https://kalicube.com/help-center/marketing/personal-branding/assistive-engines/why-should-i-invest-in-building-my-personal-brand-on-google-and-ai-now-instead-of-waiting/,
,,https://kalicube.com/help-center/kalicube/kalicube-personal-branding/personal-the-kalicube-process-service/how-can-i-ensure-that-my-team-is-fully-equipped-to-maintain-the-digital-marketing-strategy-after-the-contract-with-kalicube-ends/,
,,https://kalicube.com/help-center/kalicube/kalicube-corporate-digital-strategies/corporate-the-kalicube-process-service/is-there-an-option-for-a-do-it-yourself-approach-with-the-kalicube-process/,
,,https://kalicube.com/help-center/marketing/personal-branding/assistive-engines/why-cant-people-find-me-in-chatgpt-and-perplexity-even-though-ive-done-seo/,
,,https://kalicube.com/help-center/marketing/personal-branding/personal-brand-strategy/how-do-i-make-my-online-presence-reflect-the-level-i-operate-at/,
,,https://kalicube.com/help-center/marketing/personal-branding/assistive-engines/what-happens-if-i-dont-take-control-of-how-i-show-up-in-google-and-ai-results/,
,,https://kalicube.com/help-center/kalicube/kalicube-corporate-digital-strategies/corporate-the-kalicube-process-service/what-does-the-process-of-working-with-kalicube-look-like-for-a-new-client/,
,,https://kalicube.com/help-center/kalicube/kalicube-semantic-seo/content-creator-optimization-service/what-does-kalicubes-entity-management-service-for-authors-include/,
,,https://kalicube.com/help-center/kalicube/kalicube-personal-branding/personal-knowledge-panel-service/what-is-the-process-for-building-a-knowledge-panel-with-kalicube/,
,,https://kalicube.com/help-center/marketing/personal-branding/personal-online-reputation-management/how-do-i-get-rid-of-that-one-negative-article-about-me-in-google/,
,,https://kalicube.com/help-center/kalicube/kalicube-personal-branding/personal-knowledge-panel-service/can-kalicube-help-me-create-a-personal-website-if-i-dont-have-one/,
,,https://kalicube.com/help-center/kalicube/kalicube-personal-branding/personal-online-reputation-management-service/can-kalicube-help-with-managing-my-brands-reputation-online/,
,,https://kalicube.com/help-center/kalicube/kalicube-personal-branding/personal-brand-serp-service/how-does-kalicube-provide-data-and-processing-for-understanding-by-google/,
,,https://kalicube.com/help-center/kalicube/kalicube-personal-branding/personal-knowledge-panel-service/who-builds-the-knowledge-panel-kalicube-or-google/,
,,https://kalicube.com/help-center/kalicube/kalicube-personal-branding/personal-brand-serp-service/what-strategies-does-kalicube-recommend-for-improving-brand-serps/,
,,https://kalicube.com/help-center/kalicube/kalicube-corporate-digital-strategies/corporate-the-kalicube-process-service/does-kalicube-pro-offer-training-for-its-platform/,
,,https://kalicube.com/help-center/marketing/branded-digital-marketing/digital-marketing/why-do-i-need-to-change-my-seo-strategy-if-its-still-working/,
,,https://kalicube.com/help-center/kalicube/kalicube-corporate-digital-strategies/corporate-knowledge-panel-service/can-kalicube-pro-help-with-managing-and-triggering-knowledge-panels-for-my-clients/,
,,https://kalicube.com/help-center/marketing/personal-branding/personal-brand-strategy/why-should-i-invest-in-a-personal-brand-instead-of-just-promoting-my-company/,
,,https://kalicube.com/help-center/marketing/personal-branding/personal-brand-strategy/i-want-to-be-taken-seriously-by-investors-partners-or-acquirers/,
,,https://kalicube.com/help-center/kalicube/kalicube-personal-branding/personal-name-change-service/can-kalicube-help-with-rebranding-if-my-name-or-company-name-is-common/,
,,https://kalicube.com/help-center/marketing/personal-branding/personal-online-reputation-management/how-do-i-fix-my-online-reputation-after-a-negative-article/,